Age,EnvironmentSatisfaction,JobInvolvement,JobLevel,JobSatisfaction,MonthlyIncome,TotalWorkingYears,YearsInCurrentRole,YearsAtCompany,Non-Travel,Technical_Degree,Healthcare_Representative,Laboratory_Technician,Research_Director,Sales_Representative,Divorced,Single,Attrition,C0,C1
50,4,3,4,4,0.8664164508114395,32,4,5,0.0,0.0,0.0,0.0,1.0,0.0,1.0,0.0,0,0.6861319906343835,0.5911459544934068
36,2,3,2,2,0.20785536818734468,7,2,3,0.0,0.0,0.0,0.0,0.0,0.0,1.0,0.0,0,-0.0016256102408941143,0.0019283080007748657
21,2,3,1,2,0.08828038272453348,1,0,1,0.0,0.0,0.0,0.0,0.0,1.0,0.0,1.0,1,7.407000183355826e-05,0.0030670161268939976
52,2,3,3,2,0.4988105936459269,18,6,8,0.0,0.0,1.0,0.0,0.0,0.0,0.0,1.0,0,0.07107367692679308,-0.036849424538573254
33,2,3,3,3,0.6661204207855369,15,6,7,0.0,0.0,0.0,0.0,0.0,0.0,0.0,0.0,1,-0.00033983710062929776,-0.0038907244487715793
47,3,2,3,2,0.49288999312787435,28,11,22,0.0,0.0,0.0,0.0,0.0,0.0,1.0,0.0,0,0.015901419542656108,-0.008203179999934695
22,4,2,2,4,0.1990801924195168,4,2,2,0.0,0.0,0.0,0.0,0.0,0.0,0.0,0.0,0,0.6419046975646784,-0.22558692239759887
33,3,3,2,4,0.23042765766242002,7,5,6,1.0,0.0,0.0,0.0,0.0,0.0,1.0,0.0,0,0.14798146899016837,-0.3817107504751136
27,4,1,2,4,0.2147274937886557,8,2,6,0.0,0.0,0.0,0.0,0.0,0.0,0.0,1.0,0,0.2995332517840116,-0.6726243275315441
40,1,3,1,4,0.07384891896178039,8,0,1,0.0,0.0,0.0,1.0,0.0,0.0,0.0,0.0,0,-0.0018484806799184393,-0.0008550289285358948
55,4,3,3,2,0.5268805836020511,23,2,3,0.0,0.0,0.0,0.0,0.0,0.0,0.0,0.0,0,-0.0011547423982949227,-0.0035769713741951995
33,1,2,1,2,0.06893270603161178,5,2,2,0.0,0.0,0.0,0.0,0.0,0.0,0.0,1.0,1,0.003214601105574984,0.0021520203811875266
37,1,2,3,3,0.5074800444045039,17,1,14,0.0,0.0,0.0,0.0,0.0,0.0,0.0,0.0,1,-0.0063192648772533375,0.003478484397893852
46,4,2,5,2,0.9398953322408417,26,4,11,0.0,0.0,0.0,0.0,0.0,0.0,0.0,0.0,0,0.008187789026913589,-0.0046088882048898015
38,3,3,2,2,0.47126922873605753,10,8,9,0.0,0.0,0.0,0.0,0.0,0.0,0.0,0.0,0,-0.005964382677548248,0.0007951403975470308
30,1,2,2,4,0.19125654173494738,10,2,9,0.0,1.0,0.0,1.0,0.0,0.0,0.0,0.0,0,0.0006987894810128241,-0.003370333394695157
36,4,1,2,4,0.23243643283818788,15,12,15,1.0,0.0,0.0,0.0,0.0,0.0,1.0,0.0,0,-0.005237253345484464,0.0028824065818520025
40,2,3,5,2,0.9950837870698315,21,8,21,0.0,0.0,0.0,0.0,0.0,0.0,0.0,1.0,0,-0.008362556137863806,0.0022769735709367057
53,3,3,4,3,0.7317756515303695,22,13,17,0.0,0.0,0.0,0.0,0.0,0.0,1.0,0.0,0,,
32,4,3,2,2,0.2358196331342179,10,5,9,0.0,0.0,0.0,0.0,0.0,0.0,1.0,0.0,0,,
55,4,3,2,3,0.15996193899666966,4,2,3,0.0,0.0,1.0,0.0,0.0,0.0,0.0,0.0,0,,
30,3,1,2,4,0.26864724850663424,11,4,5,0.0,0.0,0.0,0.0,0.0,0.0,0.0,1.0,0,,
23,3,4,1,1,0.03129460273827774,1,0,0,0.0,0.0,0.0,1.0,0.0,0.0,0.0,0.0,1,,
51,2,2,2,3,0.2708146111962785,10,0,1,0.0,0.0,0.0,0.0,0.0,0.0,0.0,0.0,0,,
42,4,2,2,4,0.2671142358724956,8,3,4,0.0,0.0,0.0,0.0,0.0,0.0,0.0,0.0,0,,
20,4,3,1,3,0.0,1,0,1,0.0,0.0,0.0,0.0,0.0,0.0,0.0,1.0,1,,
29,2,1,1,4,0.06126764286091874,6,4,5,0.0,0.0,0.0,0.0,0.0,0.0,0.0,0.0,0,,
43,1,2,4,2,0.7044985991436274,25,10,25,0.0,0.0,0.0,0.0,1.0,0.0,1.0,0.0,0,,
40,3,2,2,4,0.1804197282867262,16,1,1,0.0,0.0,0.0,0.0,0.0,0.0,0.0,0.0,0,,
29,2,3,1,4,0.11217423481524552,10,8,10,0.0,0.0,0.0,1.0,0.0,0.0,0.0,0.0,0,,
44,3,3,1,2,0.07046571866575038,6,3,5,0.0,0.0,0.0,0.0,0.0,0.0,1.0,0.0,1,,
47,1,3,4,3,0.8542580747475815,26,17,20,0.0,0.0,0.0,0.0,1.0,0.0,0.0,0.0,0,,
32,1,3,2,4,0.22730876988951737,10,8,10,0.0,0.0,0.0,1.0,0.0,0.0,0.0,0.0,0,,
38,3,3,1,1,0.08510863244700534,8,0,0,0.0,0.0,0.0,0.0,0.0,0.0,0.0,1.0,0,,
58,4,1,2,3,0.24586350901305704,12,3,5,1.0,0.0,1.0,0.0,0.0,0.0,1.0,0.0,0,,
45,2,3,3,4,0.4425120262198023,10,1,3,0.0,1.0,0.0,0.0,0.0,0.0,0.0,0.0,0,,
56,3,3,4,4,0.5335941216894857,30,7,10,0.0,0.0,1.0,0.0,0.0,0.0,0.0,0.0,0,,
37,3,1,2,4,0.45017708939049533,6,3,6,0.0,0.0,0.0,0.0,0.0,0.0,1.0,0.0,0,,
39,1,4,3,3,0.36321826928159856,9,7,8,0.0,0.0,0.0,0.0,0.0,0.0,0.0,1.0,0,,
54,3,2,3,3,0.5115504572606651,13,4,9,0.0,0.0,0.0,0.0,0.0,0.0,0.0,0.0,0,,
32,4,3,1,3,0.15943331395041496,10,7,8,1.0,0.0,0.0,1.0,0.0,0.0,0.0,1.0,0,,
48,1,3,3,3,0.607654490669768,15,0,0,0.0,0.0,0.0,0.0,0.0,0.0,0.0,0.0,0,,
33,3,4,2,2,0.23677115821747635,6,5,6,0.0,0.0,1.0,0.0,0.0,0.0,0.0,0.0,0,,
31,2,1,2,3,0.2729291113812972,12,7,7,0.0,0.0,0.0,0.0,0.0,0.0,0.0,0.0,1,,
46,2,3,3,1,0.49923349368293063,24,13,24,0.0,0.0,0.0,0.0,0.0,0.0,1.0,0.0,0,,
38,4,3,2,4,0.2503568219062219,10,2,2,0.0,0.0,1.0,0.0,0.0,0.0,1.0,0.0,0,,
38,4,3,2,2,0.18137125336998466,16,13,15,0.0,0.0,0.0,0.0,0.0,0.0,0.0,0.0,0,,
43,4,3,2,4,0.36147380662895806,10,9,10,0.0,0.0,0.0,0.0,0.0,0.0,0.0,0.0,0,,
37,2,3,1,4,0.06961991859174288,4,2,4,0.0,0.0,0.0,0.0,0.0,0.0,0.0,0.0,0,,
30,3,2,2,4,0.16614685203784954,11,10,11,0.0,0.0,1.0,0.0,0.0,0.0,0.0,0.0,0,,
39,3,2,4,2,0.85182639953481,21,9,19,0.0,0.0,0.0,0.0,0.0,0.0,1.0,0.0,0,,
43,1,2,5,3,0.9717714225299996,21,12,16,0.0,0.0,0.0,0.0,0.0,0.0,0.0,0.0,0,,
27,4,2,2,1,0.30670825183697203,9,6,7,0.0,0.0,1.0,0.0,0.0,0.0,0.0,1.0,0,,
42,3,2,2,3,0.276735211714331,10,4,5,0.0,0.0,0.0,0.0,0.0,0.0,0.0,1.0,0,,
31,1,4,1,3,0.15694877623301792,4,2,2,0.0,0.0,0.0,1.0,0.0,0.0,1.0,0.0,0,,
39,4,3,1,1,0.07374319395252946,8,2,2,0.0,0.0,0.0,1.0,0.0,0.0,0.0,0.0,1,,
29,4,2,4,4,0.7990167574139663,9,7,7,0.0,0.0,0.0,0.0,1.0,0.0,1.0,0.0,0,,
49,3,3,5,1,0.9333403816672834,22,2,3,0.0,0.0,0.0,0.0,1.0,0.0,0.0,1.0,0,,
38,1,2,1,1,0.09774277105249246,20,0,1,0.0,0.0,0.0,0.0,0.0,1.0,0.0,1.0,0,,
42,1,3,4,4,0.7920389068034044,16,0,1,0.0,0.0,0.0,0.0,1.0,0.0,0.0,1.0,0,,
34,4,3,3,3,0.4027594227414495,9,7,8,0.0,0.0,0.0,0.0,0.0,0.0,1.0,0.0,0,,
36,3,3,2,4,0.29481418829624145,17,8,16,0.0,0.0,1.0,0.0,0.0,0.0,0.0,0.0,0,,
27,3,3,2,4,0.1761907279166887,5,2,4,0.0,0.0,0.0,0.0,0.0,0.0,0.0,0.0,0,,
40,3,1,3,1,0.5245546333985305,20,0,1,1.0,0.0,0.0,0.0,0.0,0.0,1.0,0.0,0,,
34,4,2,3,3,0.32108685309509966,10,9,10,0.0,1.0,0.0,0.0,0.0,0.0,0.0,0.0,0,,
31,1,3,3,4,0.5172067452555903,13,7,13,0.0,0.0,0.0,0.0,0.0,0.0,1.0,0.0,0,,
41,4,3,1,4,0.09372522070095679,12,3,5,0.0,0.0,0.0,0.0,0.0,0.0,0.0,0.0,0,,
31,4,1,2,1,0.2111328434741238,10,8,10,0.0,0.0,0.0,0.0,0.0,0.0,0.0,0.0,0,,
45,2,3,2,3,0.23206639530580958,12,2,4,0.0,0.0,1.0,0.0,0.0,0.0,0.0,1.0,0,,
33,2,2,2,4,0.1941639794893482,9,7,7,0.0,0.0,0.0,0.0,0.0,0.0,0.0,1.0,0,,
36,3,4,2,4,0.0825712322249828,17,2,5,0.0,0.0,0.0,1.0,0.0,0.0,0.0,0.0,0,,
33,2,4,1,2,0.053866892213353064,14,11,14,0.0,0.0,0.0,1.0,0.0,0.0,0.0,0.0,0,,
31,1,3,1,3,0.10054448379764233,5,2,5,0.0,0.0,0.0,0.0,0.0,0.0,1.0,0.0,0,,
19,3,1,1,1,0.06956705608711741,1,0,0,0.0,1.0,0.0,0.0,0.0,1.0,0.0,1.0,1,,
32,2,4,1,2,0.09435957075646242,5,1,5,0.0,0.0,0.0,1.0,0.0,0.0,0.0,0.0,0,,
36,1,3,2,4,0.3578791563144262,18,9,11,1.0,0.0,0.0,0.0,0.0,0.0,0.0,1.0,0,,
37,3,3,2,2,0.16186498916318653,19,0,10,0.0,0.0,0.0,0.0,0.0,0.0,1.0,0.0,0,,
29,3,3,1,4,0.07955806946133107,11,5,7,0.0,0.0,0.0,0.0,0.0,0.0,1.0,0.0,0,,
30,3,3,2,4,0.28218004969075433,12,9,11,0.0,0.0,0.0,0.0,0.0,0.0,0.0,0.0,0,,
39,3,3,3,3,0.6584024951102183,9,3,4,0.0,0.0,0.0,0.0,1.0,0.0,0.0,1.0,0,,
22,3,3,1,1,0.07342601892477665,1,0,1,0.0,0.0,0.0,1.0,0.0,0.0,0.0,0.0,1,,
31,3,1,2,3,0.1763493154305651,6,4,5,1.0,0.0,0.0,0.0,0.0,0.0,0.0,0.0,0,,
45,4,3,4,4,0.8796849394724322,26,3,9,0.0,0.0,0.0,0.0,0.0,0.0,0.0,0.0,0,,
42,1,3,2,3,0.18750330390653908,19,4,5,0.0,0.0,0.0,0.0,0.0,0.0,1.0,0.0,0,,
31,3,2,3,3,0.4194111116984723,10,9,10,0.0,0.0,0.0,0.0,0.0,0.0,0.0,0.0,0,,
51,4,1,2,2,0.2364539831897235,13,1,4,0.0,0.0,0.0,0.0,0.0,0.0,1.0,0.0,0,,
34,4,2,2,1,0.2291060950467833,14,9,13,0.0,0.0,1.0,0.0,0.0,0.0,0.0,1.0,0,,
33,4,3,4,3,0.8687952635195856,10,8,10,1.0,0.0,0.0,0.0,0.0,0.0,0.0,1.0,0,,
40,2,3,2,2,0.24676217159169,15,8,11,0.0,0.0,0.0,0.0,0.0,0.0,0.0,0.0,0,,
33,4,4,3,3,0.38964952159433314,10,8,9,0.0,0.0,0.0,0.0,0.0,0.0,1.0,0.0,0,,
34,2,3,2,3,0.24871808426283237,6,5,6,0.0,0.0,0.0,0.0,0.0,0.0,0.0,0.0,0,,
34,2,3,1,4,0.08891473278003911,10,9,10,0.0,0.0,0.0,0.0,0.0,0.0,0.0,0.0,0,,
30,2,4,3,1,0.5501400856372576,9,7,8,0.0,0.0,0.0,0.0,1.0,0.0,0.0,0.0,0,,
45,4,3,2,1,0.13871121213723106,9,8,9,1.0,0.0,0.0,1.0,0.0,0.0,0.0,0.0,0,,
37,1,3,3,2,0.4136490986942961,9,5,9,1.0,0.0,0.0,0.0,0.0,0.0,1.0,0.0,0,,
31,4,3,2,4,0.3456150552413173,13,7,7,0.0,0.0,0.0,0.0,0.0,0.0,1.0,0.0,0,,
32,4,3,1,4,0.10884389702384098,8,7,7,0.0,0.0,0.0,1.0,0.0,0.0,0.0,1.0,0,,
30,1,3,1,3,0.059364592694401856,7,2,5,0.0,0.0,0.0,0.0,0.0,0.0,0.0,0.0,1,,
33,3,4,2,1,0.2308505576994238,10,3,5,0.0,0.0,0.0,0.0,0.0,0.0,0.0,0.0,0,,
38,3,3,3,3,0.36221388169371466,10,0,1,0.0,0.0,0.0,0.0,0.0,0.0,0.0,1.0,0,,
41,3,3,2,1,0.10905534704234285,17,0,1,0.0,0.0,0.0,0.0,0.0,0.0,1.0,0.0,0,,
51,1,1,3,4,0.5096474070941481,18,2,4,0.0,0.0,0.0,0.0,0.0,0.0,0.0,1.0,1,,
38,1,2,2,1,0.27906116191785163,13,3,4,0.0,0.0,1.0,0.0,0.0,0.0,1.0,0.0,0,,
27,2,2,2,3,0.13379499920706242,9,8,9,0.0,0.0,0.0,0.0,0.0,1.0,0.0,0.0,0,,
53,4,3,4,4,0.7012739863614739,33,9,12,0.0,0.0,0.0,0.0,1.0,0.0,0.0,1.0,0,,
30,4,3,2,3,0.22688586985251358,4,1,2,0.0,0.0,0.0,0.0,0.0,0.0,0.0,0.0,0,,
30,2,3,1,4,0.003806100333033774,1,0,1,0.0,0.0,0.0,0.0,0.0,1.0,0.0,1.0,1,,
30,4,1,1,3,0.14928371306232488,7,2,2,0.0,0.0,0.0,1.0,0.0,0.0,0.0,0.0,0,,
58,4,3,5,1,0.9881059364592695,32,8,9,0.0,0.0,0.0,0.0,1.0,0.0,0.0,0.0,0,,
34,2,4,2,4,0.4607495903155891,16,1,15,0.0,0.0,0.0,0.0,0.0,0.0,1.0,0.0,0,,
51,3,3,2,4,0.20759105566421737,18,7,7,0.0,0.0,0.0,0.0,0.0,0.0,0.0,0.0,0,,
39,3,3,4,1,0.8489189617804092,21,9,21,0.0,0.0,0.0,0.0,0.0,0.0,0.0,0.0,0,,
36,2,3,3,4,0.4742295289950838,10,3,10,1.0,0.0,0.0,0.0,0.0,0.0,0.0,1.0,0,,
32,3,2,2,2,0.22302690701485434,13,12,13,0.0,1.0,0.0,0.0,0.0,0.0,0.0,0.0,0,,
56,1,3,1,3,0.10218322144103187,18,4,5,0.0,0.0,0.0,0.0,0.0,0.0,0.0,0.0,0,,
57,1,2,4,4,0.6929745731352752,32,0,1,0.0,0.0,0.0,0.0,0.0,0.0,1.0,0.0,0,,
40,4,2,1,4,0.07046571866575038,5,2,4,0.0,0.0,0.0,0.0,0.0,0.0,0.0,1.0,0,,
23,4,3,1,1,0.04128561611249141,1,0,1,0.0,0.0,0.0,0.0,0.0,1.0,0.0,0.0,1,,
53,2,4,3,4,0.31696357773431305,11,3,4,0.0,0.0,1.0,0.0,0.0,0.0,0.0,0.0,0,,
38,4,2,1,2,0.07564624411904636,4,3,4,0.0,0.0,0.0,1.0,0.0,0.0,0.0,1.0,0,,
36,3,3,1,2,0.05994608024528202,8,2,5,0.0,0.0,0.0,0.0,0.0,0.0,0.0,0.0,0,,
29,2,3,3,4,0.36522704445736637,11,10,11,0.0,0.0,0.0,0.0,0.0,0.0,0.0,0.0,0,,
38,2,1,3,3,0.6447639689168473,20,16,18,0.0,0.0,0.0,0.0,1.0,0.0,0.0,0.0,0,,
47,1,3,3,3,0.4030237352645768,25,14,17,0.0,0.0,1.0,0.0,0.0,0.0,0.0,1.0,0,,
32,4,3,2,3,0.20478934291906747,10,4,10,0.0,0.0,0.0,1.0,0.0,0.0,0.0,0.0,1,,
36,2,2,2,2,0.29021515039382567,6,5,6,0.0,0.0,0.0,0.0,0.0,0.0,0.0,1.0,0,,
49,1,2,2,1,0.17312470264841148,20,3,4,0.0,0.0,0.0,1.0,0.0,0.0,0.0,1.0,1,,
34,3,2,1,1,0.178252365597082,6,5,6,0.0,0.0,0.0,0.0,0.0,0.0,0.0,1.0,0,,
39,1,3,2,3,0.18634032880477877,9,7,8,0.0,0.0,0.0,0.0,0.0,0.0,0.0,1.0,0,,
30,3,2,3,3,0.3946185970291272,12,8,11,1.0,0.0,0.0,0.0,0.0,0.0,0.0,1.0,0,,
51,2,3,3,2,0.5067928318443728,14,2,4,0.0,0.0,0.0,0.0,0.0,0.0,0.0,0.0,0,,
60,1,3,2,1,0.23238357033356238,10,2,2,0.0,0.0,0.0,0.0,0.0,0.0,0.0,1.0,0,,
50,2,3,2,3,0.30232066395305807,12,3,6,0.0,0.0,0.0,0.0,0.0,0.0,1.0,0.0,1,,
56,4,1,3,4,0.33044351641380765,37,4,6,0.0,0.0,0.0,0.0,0.0,0.0,0.0,1.0,0,,
46,4,3,3,4,0.400116297510176,12,8,9,0.0,0.0,0.0,0.0,0.0,0.0,1.0,0.0,0,,
42,2,3,1,2,0.09287942062694929,7,3,5,0.0,0.0,0.0,1.0,0.0,0.0,1.0,0.0,0,,
60,3,1,3,4,0.5219643706718825,19,0,1,0.0,0.0,1.0,0.0,0.0,0.0,1.0,0.0,0,,
53,3,2,3,4,0.4842205423692974,34,7,33,0.0,1.0,0.0,0.0,0.0,0.0,0.0,0.0,1,,
39,1,3,2,1,0.21895649415869323,10,0,10,0.0,0.0,0.0,0.0,0.0,0.0,0.0,0.0,0,,
48,4,2,5,2,0.9862028862927525,29,10,22,0.0,0.0,0.0,0.0,1.0,0.0,0.0,0.0,0,,
37,3,3,2,4,0.29037373790770205,7,4,5,0.0,0.0,0.0,0.0,0.0,0.0,0.0,0.0,0,,
41,4,3,2,4,0.23566104562034146,12,2,6,0.0,0.0,0.0,0.0,0.0,0.0,1.0,0.0,0,,
21,1,3,1,4,0.0846328699053761,3,2,3,1.0,0.0,0.0,0.0,0.0,1.0,0.0,1.0,0,,
32,2,3,2,4,0.1794153406988423,8,2,5,0.0,0.0,0.0,0.0,0.0,0.0,1.0,0.0,0,,
37,4,2,1,3,0.05714436750013215,7,0,0,0.0,0.0,0.0,1.0,0.0,0.0,0.0,1.0,1,,
45,1,3,3,1,0.22207538193159593,24,9,24,0.0,0.0,0.0,1.0,0.0,0.0,1.0,0.0,0,,
41,4,3,3,4,0.6651160331976529,16,0,1,0.0,0.0,0.0,0.0,0.0,0.0,0.0,1.0,0,,
42,2,4,2,2,0.07205159380451445,18,0,1,0.0,0.0,0.0,0.0,0.0,0.0,0.0,0.0,0,,
42,3,3,2,2,0.3074483269017286,10,7,9,0.0,0.0,0.0,0.0,0.0,0.0,0.0,0.0,0,,
24,4,3,1,2,0.054131204736480414,1,0,1,1.0,0.0,0.0,0.0,0.0,1.0,0.0,0.0,0,,
33,1,3,2,1,0.3814029708727599,6,2,5,0.0,0.0,0.0,0.0,0.0,0.0,0.0,1.0,1,,
43,4,3,2,4,0.24068298355976103,12,2,5,0.0,0.0,1.0,0.0,0.0,0.0,0.0,0.0,0,,
38,3,3,1,3,0.08854469524766082,3,1,2,0.0,0.0,0.0,0.0,0.0,0.0,0.0,0.0,0,,
33,4,3,2,3,0.28434741238039857,14,0,0,0.0,0.0,1.0,0.0,0.0,0.0,0.0,1.0,0,,
53,1,2,3,4,0.5246603584077814,35,2,5,0.0,0.0,0.0,0.0,0.0,0.0,0.0,0.0,0,,
43,3,3,3,1,0.5186340328804779,18,7,8,0.0,0.0,0.0,0.0,0.0,0.0,0.0,0.0,0,,
42,4,2,1,1,0.08373420732674314,10,6,9,0.0,0.0,0.0,1.0,0.0,0.0,1.0,0.0,0,,
29,2,1,1,1,0.058677380134270755,7,7,7,0.0,0.0,0.0,1.0,0.0,0.0,0.0,0.0,1,,
29,2,3,2,3,0.1758206903843104,11,7,8,0.0,0.0,1.0,0.0,0.0,0.0,0.0,0.0,0,,
37,2,3,1,2,0.10641222181106941,8,0,1,0.0,0.0,0.0,0.0,0.0,0.0,0.0,0.0,0,,
50,1,3,5,2,0.9072791668869271,28,3,8,0.0,0.0,0.0,0.0,1.0,0.0,0.0,0.0,0,,
29,4,3,2,3,0.19241951683670772,4,3,4,1.0,0.0,0.0,0.0,0.0,0.0,0.0,0.0,0,,
33,1,3,3,4,0.6580853200824656,15,14,15,0.0,0.0,0.0,0.0,1.0,0.0,0.0,1.0,0,,
55,3,2,4,1,0.8324258603372628,31,7,9,1.0,0.0,0.0,0.0,0.0,0.0,0.0,1.0,0,,
51,2,2,3,2,0.6069144156050114,16,9,10,0.0,0.0,0.0,0.0,1.0,0.0,0.0,0.0,0,,
30,1,1,1,3,0.08479145741925251,10,7,10,0.0,0.0,0.0,0.0,0.0,0.0,1.0,0.0,0,,
49,1,2,5,3,0.935772056880055,23,0,1,0.0,0.0,0.0,0.0,0.0,0.0,0.0,0.0,0,,
47,3,4,2,3,0.21451604377015382,20,10,19,0.0,0.0,0.0,0.0,0.0,0.0,1.0,0.0,0,,
31,3,3,1,2,0.07887085690119996,1,1,1,0.0,0.0,0.0,0.0,0.0,0.0,0.0,1.0,0,,
47,2,3,1,3,0.05793730506951419,7,2,2,0.0,0.0,0.0,1.0,0.0,0.0,0.0,1.0,0,,
58,1,3,1,3,0.07205159380451445,2,2,2,0.0,0.0,0.0,0.0,0.0,0.0,1.0,0.0,0,,
41,2,3,5,3,0.9798593857376963,23,15,22,0.0,1.0,0.0,0.0,1.0,0.0,0.0,0.0,1,,
29,4,2,1,1,0.14674631284030237,5,4,5,0.0,0.0,0.0,0.0,0.0,0.0,0.0,1.0,0,,
50,4,4,1,3,0.11693186023153776,20,8,20,0.0,0.0,0.0,1.0,0.0,0.0,0.0,0.0,0,,
32,3,2,1,2,0.0966326584553576,6,2,6,0.0,0.0,0.0,1.0,0.0,0.0,0.0,1.0,0,,
44,2,3,5,4,0.9536395834434637,23,7,22,0.0,0.0,0.0,0.0,1.0,0.0,1.0,0.0,0,,
38,3,4,1,3,0.09700269598773589,7,6,7,0.0,0.0,0.0,0.0,0.0,0.0,0.0,0.0,0,,
45,2,2,1,3,0.06687106835121848,1,0,1,0.0,0.0,0.0,0.0,0.0,0.0,0.0,1.0,0,,
46,1,3,3,3,0.5031453190252154,28,2,2,0.0,0.0,1.0,0.0,0.0,0.0,0.0,0.0,0,,
34,4,4,1,4,0.10165459639477717,6,0,5,0.0,0.0,0.0,0.0,0.0,0.0,0.0,0.0,0,,
55,3,3,2,2,0.28418882486652214,17,7,8,0.0,0.0,1.0,0.0,0.0,0.0,0.0,0.0,0,,
19,2,4,1,4,0.10493207168155627,1,0,1,0.0,0.0,0.0,0.0,0.0,0.0,0.0,1.0,0,,
32,1,3,2,4,0.27240048633504255,9,8,9,0.0,0.0,0.0,0.0,0.0,0.0,0.0,0.0,0,,
40,3,3,2,3,0.1567901887191415,11,7,8,1.0,0.0,0.0,1.0,0.0,0.0,1.0,0.0,0,,
30,3,2,2,2,0.22202251942697043,11,8,11,0.0,0.0,0.0,0.0,0.0,0.0,1.0,0.0,0,,
48,4,3,1,3,0.06607813078183644,13,0,0,0.0,0.0,0.0,0.0,0.0,0.0,0.0,0.0,0,,
45,1,2,4,4,0.8343289105037797,22,8,20,1.0,0.0,0.0,0.0,0.0,0.0,0.0,0.0,0,,
29,2,1,1,4,0.09044774541417772,10,7,10,0.0,0.0,0.0,0.0,0.0,0.0,1.0,0.0,0,,
46,4,2,2,1,0.19062219167944175,19,13,16,0.0,0.0,0.0,0.0,0.0,0.0,1.0,0.0,0,,
41,4,3,2,3,0.2111328434741238,8,2,2,0.0,0.0,0.0,0.0,0.0,0.0,0.0,1.0,0,,
41,2,3,1,2,0.11264999735687475,4,3,4,0.0,0.0,0.0,0.0,0.0,1.0,0.0,1.0,1,,
52,4,4,4,3,0.6469313316064915,24,3,5,0.0,0.0,0.0,0.0,0.0,0.0,0.0,0.0,0,,
51,1,2,3,1,0.3422847174499128,23,12,13,0.0,0.0,1.0,0.0,0.0,0.0,0.0,1.0,0,,
36,3,3,1,4,0.08643019506264205,7,2,3,0.0,0.0,0.0,0.0,0.0,1.0,0.0,1.0,0,,
38,2,3,2,1,0.2994132261986573,17,0,1,0.0,0.0,1.0,0.0,0.0,0.0,0.0,0.0,1,,
31,4,3,2,1,0.22852460749590314,10,2,5,0.0,0.0,0.0,0.0,0.0,0.0,0.0,1.0,0,,
44,2,3,2,1,0.23497383306021036,9,3,4,0.0,0.0,0.0,0.0,0.0,0.0,1.0,0.0,0,,
30,3,3,2,4,0.22704445736639,10,7,8,0.0,0.0,0.0,0.0,0.0,0.0,1.0,0.0,0,,
31,4,3,1,2,0.06835121848073161,3,2,3,0.0,0.0,0.0,0.0,0.0,1.0,0.0,1.0,1,,
27,4,3,1,3,0.07321456890627476,8,2,8,0.0,0.0,0.0,0.0,0.0,0.0,0.0,1.0,1,,
50,3,2,1,3,0.1417243749008828,5,2,3,0.0,0.0,0.0,1.0,0.0,0.0,0.0,0.0,0,,
39,4,2,2,3,0.2586562351324206,17,11,15,0.0,0.0,0.0,0.0,0.0,0.0,0.0,0.0,0,,
30,3,3,2,3,0.1948511920494793,10,4,8,1.0,0.0,0.0,0.0,0.0,0.0,0.0,1.0,0,,
30,4,2,2,4,0.21763493154305652,10,8,10,0.0,0.0,0.0,1.0,0.0,0.0,0.0,0.0,0,,
59,3,2,5,4,0.9428027699952424,30,2,3,1.0,0.0,0.0,0.0,0.0,0.0,0.0,0.0,0,,
36,1,4,3,1,0.5658402495110219,10,7,8,1.0,0.0,0.0,0.0,1.0,0.0,0.0,0.0,0,,
29,4,2,1,1,0.07374319395252946,3,0,0,0.0,0.0,0.0,0.0,0.0,0.0,0.0,1.0,1,,
30,2,2,1,1,0.054131204736480414,1,0,1,0.0,0.0,0.0,0.0,0.0,1.0,0.0,0.0,1,,
50,3,3,5,2,1.0,21,4,5,0.0,0.0,0.0,0.0,0.0,0.0,0.0,1.0,0,,
37,3,2,1,1,0.1538827509647407,17,1,3,0.0,0.0,0.0,0.0,0.0,0.0,0.0,0.0,0,,
38,1,2,3,2,0.5842364011206851,19,8,10,0.0,0.0,0.0,0.0,1.0,0.0,0.0,0.0,0,,
41,4,3,2,4,0.2759951366495744,16,3,14,1.0,0.0,0.0,0.0,0.0,0.0,0.0,1.0,0,,
29,4,2,1,1,0.05814875508801607,1,0,1,0.0,1.0,0.0,0.0,0.0,0.0,1.0,0.0,0,,
45,4,3,2,4,0.14209441243326107,12,9,10,0.0,0.0,0.0,0.0,0.0,0.0,0.0,0.0,0,,
29,1,3,2,1,0.23069197018554738,6,3,5,0.0,0.0,1.0,0.0,0.0,0.0,0.0,0.0,0,,
42,4,3,4,1,0.8804778770418142,23,6,22,0.0,0.0,0.0,0.0,0.0,0.0,0.0,0.0,0,,
48,4,2,5,4,0.9121953798170958,25,0,1,0.0,0.0,0.0,0.0,1.0,0.0,0.0,1.0,0,,
20,4,2,1,4,0.10133742136702437,1,0,1,0.0,0.0,0.0,1.0,0.0,0.0,0.0,1.0,1,,
31,3,3,3,2,0.5095416820848973,13,8,13,0.0,0.0,0.0,0.0,0.0,0.0,1.0,0.0,0,,
41,3,1,2,2,0.2865676375746683,10,2,3,1.0,0.0,0.0,0.0,0.0,0.0,0.0,0.0,0,,
29,1,2,1,1,0.07009568113337208,4,2,2,0.0,0.0,0.0,0.0,0.0,0.0,1.0,0.0,1,,
42,2,3,2,1,0.2191679441771951,9,4,6,0.0,0.0,0.0,0.0,0.0,0.0,0.0,1.0,0,,
36,2,2,2,4,0.29830311360152245,8,3,6,0.0,0.0,0.0,0.0,0.0,0.0,0.0,0.0,0,,
32,1,1,2,2,0.30269070148543636,10,0,0,0.0,0.0,0.0,0.0,0.0,0.0,0.0,1.0,1,,
36,1,3,2,3,0.22931754506528518,10,2,3,0.0,0.0,1.0,0.0,0.0,0.0,0.0,0.0,0,,
42,2,3,1,1,0.08283554474811017,8,2,5,0.0,0.0,0.0,1.0,0.0,0.0,1.0,0.0,0,,
43,4,3,4,4,0.7958450071364381,22,13,17,0.0,0.0,0.0,0.0,0.0,0.0,0.0,0.0,0,,
36,3,3,2,4,0.18464872865676374,17,7,13,0.0,0.0,0.0,0.0,0.0,1.0,0.0,1.0,0,,
36,2,3,2,2,0.24660358407781358,11,8,9,1.0,0.0,0.0,1.0,0.0,0.0,0.0,0.0,0,,
36,2,3,3,4,0.46143680287572025,10,7,9,0.0,1.0,0.0,0.0,0.0,0.0,0.0,0.0,0,,
38,4,3,2,4,0.19696569223449806,19,11,13,0.0,0.0,0.0,0.0,0.0,0.0,0.0,0.0,0,,
33,3,2,1,1,0.09462388327958979,6,2,3,0.0,0.0,0.0,0.0,0.0,0.0,0.0,1.0,0,,
45,1,4,2,3,0.28677908759317017,9,2,3,0.0,0.0,0.0,0.0,0.0,0.0,0.0,0.0,0,,
27,1,4,2,3,0.2902680128984511,9,7,8,0.0,0.0,0.0,0.0,0.0,0.0,0.0,1.0,0,,
34,1,2,2,2,0.18977639160543425,16,9,15,0.0,0.0,0.0,0.0,0.0,0.0,0.0,1.0,1,,
29,3,3,1,2,0.08954908283554475,6,4,5,0.0,0.0,0.0,0.0,0.0,0.0,0.0,0.0,0,,
32,2,3,2,3,0.21150288100650205,12,8,11,0.0,0.0,0.0,0.0,0.0,0.0,0.0,1.0,0,,
44,4,3,4,1,0.809800708357562,24,6,20,0.0,0.0,0.0,0.0,1.0,0.0,0.0,0.0,0,,
40,2,3,4,3,0.6464027065602369,22,6,20,0.0,0.0,0.0,0.0,0.0,0.0,0.0,1.0,0,,
55,1,3,4,2,0.8366019982026749,37,9,10,0.0,0.0,0.0,0.0,0.0,0.0,0.0,1.0,0,,
41,1,3,5,3,0.9731987101548871,21,16,18,0.0,0.0,0.0,0.0,1.0,0.0,1.0,0.0,0,,
43,1,1,2,3,0.22926468256065974,7,3,4,0.0,0.0,0.0,0.0,0.0,0.0,0.0,1.0,1,,
38,2,3,2,2,0.1685785272506211,8,2,3,0.0,0.0,0.0,0.0,0.0,0.0,0.0,1.0,0,,
29,2,1,1,2,0.09256224559919649,2,2,2,0.0,0.0,0.0,0.0,0.0,1.0,0.0,1.0,1,,
45,4,3,3,1,0.6468256065972406,17,0,0,0.0,0.0,0.0,0.0,1.0,0.0,0.0,0.0,0,,
34,1,3,2,2,0.1752920653380557,5,2,5,0.0,0.0,0.0,0.0,0.0,0.0,0.0,0.0,0,,
38,4,4,1,3,0.0846328699053761,4,2,4,0.0,0.0,0.0,0.0,0.0,0.0,1.0,0.0,0,,
55,1,3,3,4,0.48792091769308027,24,0,1,0.0,0.0,0.0,0.0,0.0,0.0,0.0,0.0,0,,
40,1,2,3,3,0.4982819685996723,18,15,18,0.0,0.0,0.0,0.0,0.0,0.0,0.0,0.0,0,,
20,4,3,1,1,0.09087064545118145,2,2,2,0.0,0.0,0.0,0.0,0.0,1.0,0.0,1.0,0,,
33,1,1,1,4,0.12681714859650048,8,3,4,0.0,0.0,0.0,1.0,0.0,0.0,1.0,0.0,1,,
31,4,3,1,4,0.07120579373050695,8,4,6,0.0,0.0,0.0,0.0,0.0,0.0,0.0,0.0,0,,
40,1,3,3,4,0.4923085055769942,14,10,11,0.0,1.0,1.0,0.0,0.0,0.0,0.0,0.0,0,,
50,4,3,4,1,0.8905746154252789,32,2,2,0.0,0.0,0.0,0.0,0.0,0.0,0.0,0.0,0,,
27,4,3,1,4,0.08304699476661204,6,2,4,0.0,0.0,0.0,0.0,0.0,0.0,0.0,1.0,0,,
36,4,3,3,1,0.38653063382143044,15,8,12,0.0,0.0,1.0,0.0,0.0,0.0,0.0,0.0,0,,
53,4,4,4,2,0.8240735846064386,35,8,9,0.0,0.0,0.0,0.0,1.0,0.0,0.0,1.0,0,,
42,2,4,2,1,0.23941428344874977,10,0,0,0.0,0.0,1.0,0.0,0.0,0.0,0.0,0.0,0,,
37,3,2,2,4,0.21959084421419883,17,0,1,1.0,0.0,1.0,0.0,0.0,0.0,1.0,0.0,0,,
43,2,3,4,1,0.8537294497013269,22,1,4,0.0,0.0,0.0,0.0,1.0,0.0,0.0,0.0,0,,
23,4,3,1,3,0.011312575989850394,1,0,1,0.0,0.0,0.0,0.0,0.0,0.0,0.0,0.0,0,,
52,3,3,1,1,0.1026061214780356,12,4,5,0.0,0.0,0.0,1.0,0.0,0.0,0.0,0.0,0,,
29,1,3,1,4,0.14542475022466564,3,2,3,0.0,0.0,0.0,0.0,0.0,0.0,1.0,0.0,0,,
50,2,2,5,3,0.9373050695141936,29,3,27,0.0,0.0,0.0,0.0,1.0,0.0,1.0,0.0,0,,
42,2,3,2,3,0.20605804303007874,20,16,20,0.0,0.0,0.0,0.0,0.0,0.0,0.0,0.0,0,,
34,2,4,2,3,0.17946820320346776,6,3,4,0.0,0.0,0.0,1.0,0.0,0.0,0.0,0.0,0,,
56,4,2,2,1,0.23106200771792568,6,0,0,0.0,0.0,0.0,0.0,0.0,0.0,0.0,0.0,0,,
27,4,3,1,2,0.1483850504836919,5,2,5,0.0,0.0,0.0,1.0,0.0,0.0,1.0,0.0,0,,
37,1,3,3,3,0.4778241793096157,17,0,1,0.0,0.0,0.0,0.0,0.0,0.0,1.0,0.0,1,,
33,2,2,1,3,0.05280964212084368,1,1,1,1.0,0.0,0.0,1.0,0.0,0.0,1.0,0.0,0,,
36,3,3,2,3,0.22350266955648357,17,7,7,0.0,0.0,1.0,0.0,0.0,0.0,0.0,0.0,0,,
39,3,3,1,3,0.14516043770153828,8,3,8,0.0,0.0,0.0,1.0,0.0,0.0,0.0,0.0,0,,
36,1,3,2,4,0.21515039382565943,12,7,7,1.0,1.0,0.0,0.0,0.0,0.0,1.0,0.0,0,,
36,3,3,2,2,0.22302690701485434,10,7,9,0.0,0.0,0.0,0.0,0.0,0.0,0.0,0.0,0,,
37,3,3,2,2,0.16852566474599565,18,0,1,0.0,0.0,0.0,0.0,0.0,0.0,0.0,1.0,0,,
51,4,3,5,2,0.9958238621345881,31,10,29,0.0,0.0,0.0,0.0,0.0,0.0,1.0,0.0,0,,
49,1,3,4,2,0.8142940212507269,27,2,4,0.0,0.0,0.0,0.0,1.0,0.0,0.0,0.0,0,,
43,3,2,1,3,0.07548765660516996,6,0,1,0.0,1.0,0.0,0.0,0.0,0.0,0.0,0.0,1,,
33,4,3,2,2,0.17407622773166992,4,2,3,0.0,0.0,0.0,0.0,0.0,0.0,0.0,0.0,0,,
46,4,3,3,3,0.5199555954961147,13,7,8,0.0,0.0,0.0,0.0,0.0,0.0,1.0,0.0,0,,
56,1,3,1,4,0.0834170322989903,5,2,4,0.0,0.0,0.0,1.0,0.0,0.0,0.0,1.0,1,,
32,4,1,2,4,0.19342390442459162,9,7,8,0.0,0.0,0.0,0.0,0.0,0.0,1.0,0.0,0,,
30,2,2,2,1,0.46016810276470893,10,8,10,0.0,0.0,0.0,0.0,0.0,0.0,0.0,0.0,1,,
27,1,3,2,4,0.17011153988475972,4,2,3,0.0,0.0,0.0,0.0,0.0,0.0,0.0,0.0,0,,
42,3,3,3,1,0.6522704445736639,18,7,13,0.0,0.0,0.0,0.0,1.0,0.0,0.0,0.0,0,,
20,4,2,1,1,0.08410424485912141,1,0,1,0.0,0.0,0.0,0.0,0.0,0.0,0.0,1.0,1,,
50,4,3,1,2,0.15150393825659458,4,2,2,0.0,0.0,0.0,0.0,0.0,1.0,0.0,0.0,0,,
19,2,2,1,4,0.004916212930168626,1,0,1,0.0,0.0,0.0,1.0,0.0,0.0,0.0,1.0,1,,
31,1,3,1,3,0.10879103451921551,3,2,2,0.0,0.0,0.0,0.0,0.0,1.0,0.0,0.0,0,,
29,3,3,1,4,0.06068615531003859,3,1,3,0.0,1.0,0.0,0.0,0.0,1.0,0.0,0.0,0,,
42,4,3,1,3,0.15642015118676322,8,0,0,0.0,0.0,0.0,1.0,0.0,0.0,0.0,1.0,0,,
36,2,2,2,3,0.24655072157318814,10,9,10,0.0,1.0,0.0,0.0,0.0,0.0,0.0,0.0,0,,
42,3,3,4,1,0.6739440714701063,22,9,21,0.0,0.0,0.0,0.0,0.0,0.0,0.0,1.0,1,,
46,3,3,4,1,0.8478617116878998,28,15,26,0.0,0.0,0.0,0.0,0.0,0.0,0.0,0.0,0,,
39,2,2,4,4,0.582650525981921,21,9,20,0.0,0.0,0.0,0.0,0.0,0.0,0.0,0.0,0,,
30,4,3,1,3,0.08902045778929005,1,0,1,0.0,0.0,0.0,1.0,0.0,0.0,1.0,0.0,0,,
36,1,2,2,4,0.2537928847068774,10,4,10,0.0,0.0,0.0,1.0,0.0,0.0,0.0,1.0,0,,
41,2,1,1,4,0.09351377068245492,10,7,7,0.0,0.0,0.0,1.0,0.0,0.0,1.0,0.0,1,,
22,2,2,1,3,0.09541682084897182,4,2,4,1.0,0.0,0.0,0.0,0.0,0.0,0.0,0.0,0,,
21,1,2,1,2,0.06158481788867156,3,2,3,0.0,1.0,0.0,0.0,0.0,1.0,0.0,1.0,1,,
41,2,4,1,3,0.12512554844848547,10,6,10,0.0,1.0,0.0,0.0,0.0,0.0,0.0,0.0,0,,
45,2,1,3,1,0.5202727705238674,24,7,7,0.0,0.0,1.0,0.0,0.0,0.0,1.0,0.0,0,,
29,1,3,2,4,0.41465348628218,6,4,6,0.0,0.0,1.0,0.0,0.0,0.0,1.0,0.0,0,,
51,3,3,1,4,0.09060633292805412,1,0,1,0.0,0.0,0.0,0.0,0.0,0.0,0.0,0.0,0,,
34,3,2,2,4,0.2504625469154728,16,10,15,0.0,0.0,0.0,0.0,0.0,0.0,0.0,0.0,0,,
40,4,3,1,1,0.05333826716709838,15,4,5,0.0,0.0,0.0,1.0,0.0,0.0,0.0,1.0,1,,
42,1,3,3,1,0.6439710313474653,20,0,1,0.0,0.0,0.0,0.0,1.0,0.0,0.0,0.0,0,,
39,4,4,3,3,0.38209018343289103,11,6,7,0.0,0.0,0.0,0.0,0.0,0.0,0.0,0.0,0,,
40,2,3,1,2,0.07284453137389649,7,2,4,0.0,0.0,0.0,1.0,0.0,0.0,0.0,0.0,0,,
45,1,3,3,2,0.34001162975101756,10,8,10,0.0,1.0,1.0,0.0,0.0,0.0,1.0,0.0,0,,
40,3,3,1,3,0.052439604588465395,20,3,5,0.0,0.0,0.0,0.0,0.0,0.0,0.0,0.0,0,,
34,2,3,3,1,0.47264365385631973,11,2,3,0.0,0.0,0.0,0.0,0.0,0.0,1.0,0.0,1,,
32,3,3,3,4,0.536554421948512,10,7,7,0.0,0.0,0.0,0.0,1.0,0.0,0.0,1.0,0,,
50,4,2,3,1,0.6480943067082519,19,11,14,0.0,0.0,0.0,0.0,1.0,0.0,1.0,0.0,0,,
37,1,3,1,4,0.09430670825183696,13,8,9,0.0,0.0,0.0,0.0,0.0,1.0,1.0,0.0,0,,
29,3,3,3,4,0.3459322302690701,9,7,8,0.0,0.0,1.0,0.0,0.0,0.0,0.0,1.0,1,,
31,1,3,3,1,0.4560976899085479,9,2,3,0.0,0.0,0.0,0.0,0.0,0.0,0.0,0.0,0,,
38,4,2,1,3,0.14235872495638843,5,4,5,0.0,0.0,0.0,1.0,0.0,0.0,0.0,0.0,0,,
27,4,3,2,3,0.47428239149970924,7,7,7,0.0,0.0,0.0,0.0,0.0,0.0,0.0,1.0,0,,
41,3,3,1,1,0.06496801818470158,7,0,5,0.0,0.0,0.0,1.0,0.0,0.0,0.0,0.0,0,,
40,3,2,5,3,0.9841412486123593,21,7,20,0.0,0.0,0.0,0.0,1.0,0.0,0.0,1.0,0,,
30,3,3,2,1,0.16419093936670717,8,3,4,0.0,0.0,0.0,0.0,0.0,0.0,1.0,0.0,0,,
30,3,3,2,3,0.13120473648041442,10,7,10,0.0,0.0,0.0,1.0,0.0,0.0,1.0,0.0,0,,
34,2,3,1,2,0.05280964212084368,1,0,1,0.0,0.0,0.0,1.0,0.0,0.0,1.0,0.0,0,,
40,4,3,2,1,0.19189089179045302,5,4,5,0.0,0.0,0.0,0.0,0.0,0.0,0.0,0.0,0,,
29,4,3,1,2,0.06808690595760428,2,2,2,0.0,0.0,0.0,0.0,0.0,1.0,1.0,0.0,0,,
46,4,3,5,2,0.9553311835914786,25,2,4,0.0,0.0,0.0,0.0,1.0,0.0,0.0,0.0,0,,
41,3,3,3,3,0.3795527832108685,12,7,9,0.0,0.0,0.0,0.0,0.0,0.0,1.0,0.0,0,,
39,1,1,2,3,0.2498810593645927,10,2,3,1.0,0.0,0.0,0.0,0.0,0.0,0.0,0.0,0,,
29,4,3,1,2,0.1206322355553206,8,5,7,0.0,0.0,0.0,0.0,0.0,0.0,1.0,0.0,0,,
52,4,3,4,4,0.8218004969075435,31,2,5,0.0,0.0,0.0,0.0,0.0,0.0,0.0,0.0,0,,
37,3,3,1,3,0.1050377966908072,8,4,6,0.0,0.0,0.0,0.0,0.0,0.0,0.0,0.0,0,,
44,3,3,1,4,0.11555743511127556,8,2,2,0.0,0.0,0.0,0.0,0.0,0.0,1.0,0.0,0,,
45,1,3,2,1,0.17323042765766242,5,1,1,0.0,0.0,0.0,0.0,0.0,0.0,0.0,0.0,1,,
47,2,3,2,3,0.10398054659829781,5,0,0,0.0,0.0,0.0,0.0,0.0,1.0,0.0,1.0,0,,
37,4,3,1,1,0.10704657186657504,18,7,18,0.0,0.0,0.0,1.0,0.0,0.0,1.0,0.0,0,,
41,2,3,2,4,0.26346672305333824,8,4,6,0.0,0.0,0.0,0.0,0.0,0.0,0.0,1.0,1,,
57,4,3,2,3,0.30374795157794576,15,2,3,0.0,0.0,1.0,0.0,0.0,0.0,0.0,0.0,0,,
18,3,3,1,3,0.04731194163979489,0,0,0,1.0,0.0,0.0,1.0,0.0,0.0,0.0,1.0,1,,
32,3,3,2,4,0.2990960511709045,9,1,5,1.0,0.0,1.0,0.0,0.0,0.0,1.0,0.0,0,,
33,1,3,3,1,0.3993762224454194,11,0,0,0.0,0.0,0.0,0.0,0.0,0.0,0.0,1.0,1,,
32,4,3,1,4,0.06898556853623725,4,0,3,1.0,0.0,0.0,1.0,0.0,0.0,1.0,0.0,0,,
39,1,2,1,1,0.13939842469736216,11,0,1,1.0,0.0,0.0,1.0,0.0,0.0,0.0,1.0,1,,
58,3,2,3,1,0.4757096791245969,31,9,10,0.0,0.0,0.0,0.0,0.0,0.0,0.0,0.0,1,,
31,2,3,2,4,0.2946027382777396,10,5,6,0.0,0.0,0.0,0.0,0.0,0.0,0.0,1.0,0,,
39,3,3,1,1,0.1530369508907332,6,2,5,0.0,0.0,0.0,0.0,0.0,0.0,0.0,1.0,1,,
27,3,3,3,1,0.338478617116879,9,7,9,0.0,0.0,0.0,0.0,0.0,0.0,0.0,0.0,0,,
44,3,3,1,3,0.10186604641327904,6,4,6,0.0,0.0,0.0,0.0,0.0,0.0,0.0,1.0,1,,
45,4,3,1,4,0.06665961833271661,8,3,5,0.0,0.0,0.0,1.0,0.0,0.0,1.0,0.0,0,,
40,3,2,4,2,0.6604641327906117,22,3,22,0.0,0.0,1.0,0.0,0.0,0.0,0.0,0.0,0,,
47,3,3,3,2,0.5787387006396364,14,8,13,1.0,0.0,0.0,0.0,1.0,0.0,0.0,0.0,0,,
34,4,3,1,2,0.06882698102236084,9,2,3,0.0,0.0,0.0,0.0,0.0,0.0,0.0,1.0,0,,
44,4,3,2,4,0.18671036633715704,20,11,20,0.0,0.0,0.0,0.0,0.0,0.0,0.0,1.0,0,,
36,1,4,2,1,0.19189089179045302,17,7,15,0.0,0.0,0.0,0.0,0.0,0.0,0.0,0.0,0,,
27,1,1,1,3,0.19093936670719458,3,2,3,1.0,0.0,0.0,1.0,0.0,0.0,0.0,0.0,0,,
24,1,3,1,2,0.11592747264365386,6,3,5,0.0,1.0,0.0,0.0,0.0,1.0,0.0,1.0,1,,
39,3,3,3,3,0.5248718084262832,20,6,19,0.0,1.0,1.0,0.0,0.0,0.0,0.0,1.0,0,,
36,4,2,1,3,0.1257598985039911,2,0,1,0.0,0.0,0.0,0.0,0.0,0.0,0.0,0.0,1,,
50,3,3,3,4,0.4334196754242216,16,2,2,0.0,0.0,0.0,0.0,0.0,0.0,0.0,1.0,0,,
41,4,3,4,2,0.7932547444097902,22,10,22,0.0,0.0,0.0,0.0,0.0,0.0,0.0,1.0,0,,
31,4,3,2,3,0.2732991489136755,10,2,10,0.0,0.0,0.0,0.0,0.0,0.0,0.0,0.0,1,,
39,3,2,5,4,0.9654279219749431,21,9,21,0.0,0.0,0.0,0.0,0.0,0.0,0.0,0.0,0,,
44,2,3,1,4,0.07543479410054446,6,3,4,0.0,0.0,0.0,0.0,0.0,0.0,0.0,1.0,0,,
33,4,2,2,2,0.17502775281492836,5,3,5,0.0,0.0,0.0,0.0,0.0,0.0,0.0,1.0,0,,
33,3,3,2,3,0.3221969656922345,6,0,5,0.0,0.0,0.0,0.0,0.0,0.0,1.0,0.0,0,,
37,3,2,2,4,0.24961674684146534,9,2,6,0.0,0.0,1.0,0.0,0.0,0.0,1.0,0.0,0,,
37,3,3,1,1,0.12914309880002114,17,4,5,0.0,0.0,0.0,1.0,0.0,0.0,0.0,0.0,0,,
27,3,3,1,1,0.10741660939895331,5,3,4,0.0,0.0,0.0,0.0,0.0,1.0,1.0,0.0,1,,
29,3,2,1,2,0.08124966960934607,6,2,2,0.0,1.0,0.0,0.0,0.0,0.0,0.0,0.0,1,,
44,1,2,3,4,0.48839668023470956,24,6,22,0.0,0.0,1.0,0.0,0.0,0.0,0.0,0.0,0,,
23,1,4,1,1,0.09568113337209916,5,2,3,0.0,0.0,0.0,0.0,0.0,0.0,0.0,0.0,0,,
43,4,4,1,4,0.057091504995506685,7,4,5,1.0,0.0,0.0,0.0,0.0,0.0,1.0,0.0,0,,
29,2,3,1,3,0.1231696357773431,10,7,7,0.0,1.0,0.0,1.0,0.0,0.0,1.0,0.0,1,,
27,4,2,1,1,0.19902732991489136,8,6,7,0.0,0.0,0.0,0.0,0.0,0.0,0.0,0.0,0,,
46,3,3,3,2,0.333298091663583,14,7,8,0.0,0.0,0.0,0.0,0.0,0.0,0.0,0.0,1,,
32,3,3,1,3,0.10725802188507691,8,4,5,0.0,0.0,0.0,0.0,0.0,0.0,0.0,1.0,0,,
37,1,3,3,2,0.3506369931807369,10,0,10,1.0,0.0,0.0,0.0,0.0,0.0,0.0,1.0,0,,
30,3,3,2,1,0.10905534704234285,12,9,12,1.0,0.0,0.0,1.0,0.0,0.0,1.0,0.0,0,,
38,4,2,2,4,0.15959190146429136,8,7,7,0.0,0.0,0.0,0.0,0.0,0.0,0.0,1.0,0,,
33,4,3,2,4,0.23766982079610932,6,2,6,0.0,0.0,0.0,0.0,0.0,0.0,1.0,0.0,0,,
43,4,3,2,3,0.24686789660094094,10,7,8,0.0,0.0,0.0,1.0,0.0,0.0,1.0,0.0,0,,
32,2,3,2,2,0.27546651160331975,10,4,10,0.0,0.0,0.0,0.0,0.0,0.0,0.0,0.0,0,,
31,2,3,1,3,0.13046466141565785,6,2,5,0.0,0.0,0.0,1.0,0.0,0.0,0.0,0.0,0,,
52,4,3,2,3,0.11312575989850399,9,2,5,0.0,0.0,0.0,1.0,0.0,0.0,0.0,0.0,0,,
44,4,4,4,4,0.6507902944441508,23,11,12,0.0,0.0,0.0,0.0,0.0,0.0,0.0,0.0,0,,
29,1,2,1,4,0.0805095945445895,8,3,4,0.0,0.0,0.0,1.0,0.0,0.0,1.0,0.0,0,,
33,3,3,1,4,0.07543479410054446,8,4,5,0.0,0.0,0.0,1.0,0.0,0.0,0.0,0.0,1,,
31,2,1,2,3,0.18766189142041548,4,2,2,0.0,0.0,0.0,0.0,0.0,0.0,0.0,0.0,1,,
37,2,3,3,4,0.5907913516942433,10,8,10,0.0,0.0,0.0,0.0,1.0,0.0,1.0,0.0,0,,
38,4,3,1,3,0.12142517312470263,7,0,0,0.0,0.0,0.0,1.0,0.0,0.0,0.0,0.0,0,,
33,4,3,1,2,0.09235079558069459,8,7,8,0.0,0.0,0.0,0.0,0.0,0.0,0.0,0.0,0,,
